asset_id,card_no,character,variant,confidence,evidence,status
ch_14200004_l,,,,UNVERIFIED,,research
ch_15200025_l,,,,UNVERIFIED,,research
ch_23100019_l,,,,UNVERIFIED,,research
ch_24200004_l,,,,UNVERIFIED,,research
ch_25600027_l,,,,UNVERIFIED,,research
ch_34200004_l,,,,UNVERIFIED,,research
ch_35300025_l,,,,UNVERIFIED,,research
ch_35300032_l,,,,UNVERIFIED,,research
ch_35400027_l,,,,UNVERIFIED,,research
ch_44200004_l,,,,UNVERIFIED,,research
ch_45500027_l,,,,UNVERIFIED,,research
ch_45500028_l,,,,UNVERIFIED,,research
ch_53600019_l,,,,UNVERIFIED,,research
ch_54100023_l,,,,UNVERIFIED,,research
ch_55600025_l,,,,UNVERIFIED,,research
ch_56400035_l,,,,UNVERIFIED,,research
