filename,size_bytes,sha256
sgpz_bg_download.png,239601,cc1fa0b138615f43749cc46ebbd84997925cad5ea2e445b3622b91f4951e02fe
sgpz_button_middle.png,11768,840ed33a79ddce3c91e48ea5e9292da7389fa1f6cb79e0fe84601d6155ad5f5f
sgpz_ch_14200004_l.png,101651,e685cd062ffa9b6eb356b5506fa3960f50156236f095a7ff893f211c9f1787dc
sgpz_ch_15200025_l.png,171243,6c9dfa033643b3faf25a7886fb024d03fa6ee5225b8952faeddbeaec299443a8
sgpz_ch_23100019_l.png,87896,1a67e05e66075d43b96260a89ee7d2c288b814cf65c2dda7e820152d09cce941
sgpz_ch_24200004_l.png,90505,e4f5aefe374d5c720d5d3c31a45c3c56cafb2343d410957fa24411836c8cb557
sgpz_ch_25600027_l.png,181592,3a6cf94415c7ac07e0381f61204e2dccd782467416f4ebaaff4b42b54c22e806
sgpz_ch_34200004_l.png,95422,6493f2a0fce0ef506c2a39030aa5419f6be26bc67335a7d3255072d397f70821
sgpz_ch_35300025_l.png,236178,3ceba424cbcd3b577f54bf2b4714883c26bb004701ecebc65262d6fc83b27114
sgpz_ch_35300032_l.png,193993,ad0f8d271441bba36b5ac7740a5a500936374a420c59cfad8c0cc4fb2b384138
sgpz_ch_35400027_l.png,193929,7b7fd967fcd9e03438a4b661e4054eb6e4e78c19d8795561f97078aecb59927b
sgpz_ch_44200004_l.png,137059,96921b8431931430c94874f120d525b0c1c266f41811aa9e4c3a39d265a0b68e
sgpz_ch_45500027_l.png,148399,9c5f4f8a094092a5a5990101c3bcb3ab560c35f784e1d6ea3b401b236ffce2e3
sgpz_ch_45500028_l.png,198175,28ac07fc45e7a9a8a32a292a88271e07317655848549cd1749a803d115fca89f
sgpz_ch_53600019_l.png,59922,3fa26d47059653184dd97a0bb20ffd6d4c1d54676c75ebe90f34478ccc1e6931
sgpz_ch_54100023_l.png,106785,33759b90fbec612abfc5af496d957d40ece6ccaf5ba672dfc1f44716dd4c28ea
sgpz_ch_55600025_l.png,185511,fee5283f2bfc3ef0785bf4012366e884c5f97809ab793743a2032f812cc3e254
sgpz_ch_56400035_l.png,321095,b3f9fccb57b92efad82c8e8a2d9b654584e370c137e79bd9a172b8ccd2a94764
sgpz_info_window.png,5229,8fe8532e053d9e29e3e18f71e7ffb4bf0b0671c6968bd208a88e824bbdf45a0d
