asset_id,serial_id,has_dl_variant,status
ch_14200004_l,14200004,true,UNVERIFIED
ch_23100019_l,23100019,false,UNVERIFIED
ch_24200004_l,24200004,true,UNVERIFIED
ch_25600027_l,25600027,false,UNVERIFIED
ch_34200004_l,34200004,true,UNVERIFIED
ch_35300025_l,35300025,false,UNVERIFIED
ch_35400027_l,35400027,false,UNVERIFIED
ch_44200004_l,44200004,false,UNVERIFIED
ch_45500027_l,45500027,true,UNVERIFIED
ch_45500028_l,45500028,false,UNVERIFIED
ch_53600019_l,53600019,false,UNVERIFIED
ch_54100023_l,54100023,false,UNVERIFIED
ch_55600025_l,55600025,true,UNVERIFIED
